,layer_id,name,D,M,N,Q,W_scale,alpha,alpha_weighted,bulk_max,bulk_min,entropy,has_esd,lambda_max,layer_type,log_alpha_norm,log_norm,log_spectral_norm,longname,matrix_rank,mp_softrank,norm,num_evals,num_pl_spikes,num_spikes,rank_loss,rf,sigma,sigma_mp,spectral_norm,stable_rank,status,sv_max,sv_min,warning,weak_rank_loss,xmax,xmin
0,6,Linear,0.05106531996268593,896,896,1.0,0.6237030349349842,1.7811212373574459,4.414871290648233,10.148041546904071,0.0,0.6598091668158947,True,301.09490966796875,dense,4.90478007704935,3.362352295001229,2.478703413361317,model.layers.0.self_attn.q_proj,896,0.03370379644775392,2303.3094796083305,896,94,36,7,1,0.08056650401144276,0.993433909510439,301.09490966796875,7.649778875864412,success,17.352087020874023,0.00011781868670368567,over-trained,3,301.09490966796875,2.6973419189453125
1,7,Linear,0.06999588370990162,128,896,7.0,0.5176192579161778,1.731577439942293,3.4613825708963137,0.4912364128518286,0.10010249209210241,0.6584918752000053,True,99.76460266113281,dense,3.80623779690345,2.6791891180547722,1.9989764772008516,model.layers.0.self_attn.k_proj,128,0.00492395498752594,477.7372640352696,128,39,49,0,1,0.11714614482341137,0.2632798857594416,99.76460266113281,4.788644983210972,success,9.9882230758667,0.0790305882692337,over-trained,0,99.76460266113281,1.409078598022461
2,8,Linear,0.11530575206636473,128,896,7.0,3.671438102642768,5.405848108732786,-3.248097739621051,0.11700077442403883,0.023842021458789768,0.9594956320350255,True,0.25069814920425415,dense,-2.6254162785910613,0.9775375481158546,-0.6008488722378208,model.layers.0.self_attn.v_proj,128,0.46669979333877515,9.495930953184143,128,18,21,0,1,1.0384683581876262,0.9113654456061276,0.25069814920425415,37.87794598135392,success,0.500697672367096,0.04662605747580528,,0,0.25069814920425415,0.13729488849639893
3,9,Linear,0.05181152196166727,896,896,1.0,2.724829558230914,3.3106287905294383,2.695934174402393,0.5405342553371971,0.0,0.8265258390048776,True,6.521191120147705,dense,3.0092860775534906,2.081629326150445,0.8143269285020798,model.layers.0.self_attn.o_proj,896,0.08288888415908811,120.6783396045546,896,28,56,2,1,0.4366677965662036,1.0016614434391897,6.521191120147705,18.505567063003244,success,2.5536623001098633,5.459424573928118e-05,,7,6.521191120147705,1.0692229270935059
4,11,Linear,0.062592764163098,896,4864,5.428571428571429,0.686534426838517,2.476809210708172,3.6094219906200395,3.643133762634072,0.5811152525643823,1.002735243904169,True,28.660717010498047,dense,4.462072807328339,3.278983369310121,1.4572870510232112,model.layers.0.mlp.gate_proj,896,0.12711244318485262,1901.0054822266102,896,46,44,0,1,0.21774363889438256,0.9168696974154923,28.660717010498047,66.32791083106179,success,5.353570461273193,0.3719131350517273,,0,28.660717010498047,3.762468099594116
5,12,Linear,0.05118321054007774,896,4864,5.428571428571429,0.833760280348563,9.30893204687062,6.774698102135283,2.988872697774224,0.47675425219469564,1.0303799107253786,True,5.342729568481445,dense,6.924672209046207,3.110225605957136,0.7277631921711933,model.layers.0.mlp.up_proj,896,0.5594280338287355,1288.9189414456487,896,81,7,0,1,0.9232146718745133,1.0085621172624288,5.342729568481445,241.24727350031228,success,2.311434507369995,0.29211661219596863,under-trained,0,5.342729568481445,2.407557487487793
6,13,Linear,0.045556107308523996,896,4864,5.428571428571429,0.840055867333187,6.559023160390827,7.199262223089641,2.9709801907546924,0.4739002233796385,1.0293313669244506,True,12.520219802856445,dense,7.202709147800311,3.1036916707104782,1.0976119533416413,model.layers.0.mlp.down_proj,896,0.23729457130432113,1269.6723756305873,896,127,10,0,1,0.4932835387367738,1.0131314293686642,12.520219802856445,101.40975123622957,success,3.5383923053741455,0.20815883576869965,under-trained,0,12.520219802856445,2.065274953842163
7,19,Linear,0.026313803992867146,896,896,1.0,1.3180618947995413,4.142907186401235,5.027392615063205,2.377901697409752,0.0,0.9044089583662221,True,16.349102020263672,dense,5.124079743801969,2.712436400164735,1.2134939038859531,model.layers.1.self_attn.q_proj,896,0.14544540088272093,515.7466315252028,896,38,55,1,1,0.5098468702600948,1.0162551455145201,16.349102020263672,31.54586905665936,success,4.043402194976807,0.0003434835816733539,,2,16.349102020263672,2.910815715789795
8,20,Linear,0.08040366303225582,128,896,7.0,0.8724599957073932,5.100052952735542,3.666280190881042,0.5208331967365136,0.10613362444967456,0.9409566040086833,True,5.23444938659668,dense,4.149345031227353,2.2257189242692985,0.7188710048421243,model.layers.1.self_attn.k_proj,128,0.09950104743970933,168.1585385426879,128,27,86,0,1,0.789055558651195,0.45693753103915447,5.23444938659668,32.12535380956673,success,2.2878918647766113,0.15475493669509888,,0,5.23444938659668,2.1757278442382812
9,21,Linear,0.04831135681954679,128,896,7.0,3.500250174960803,7.537476665340557,-4.131494536921782,0.1553954979061575,0.031665968143512684,0.9877151610723091,True,0.2830564081668854,dense,-4.089253362845746,1.0190117976775381,-0.5481270085942102,model.layers.1.self_attn.v_proj,128,0.5489912731971744,10.44748599594459,128,20,2,0,1,1.4618242225020128,1.0013370406101127,0.2830564081668854,36.9095547548421,success,0.532030463218689,0.06842492520809174,under-trained,0,0.2830564081668854,0.11786120384931564
10,22,Linear,0.02149833929559053,896,896,1.0,2.5810108550539126,3.4495548304076222,2.6481588451680946,0.6180596080756743,0.0,0.8994737163308951,True,5.857082366943359,dense,2.730945068834046,2.1287283475096053,0.7676813314647822,model.layers.1.self_attn.o_proj,896,0.10552346191406244,134.50187776324606,896,106,38,1,1,0.23792179758438692,1.0145536473156875,5.857082366943359,22.96397239047855,success,2.4201409816741943,3.6874589568469673e-05,,6,5.857082366943359,0.432648241519928
11,24,Linear,0.04546525180182215,896,4864,5.428571428571429,0.6444656281984154,3.111721454533268,4.530074195775962,4.0334798091091235,0.6433792418011786,1.0105292962190162,True,28.563385009765625,dense,4.99616067433212,3.333908490198949,1.4558096738306656,model.layers.1.mlp.gate_proj,896,0.14121154785156256,2157.289800658822,896,397,78,0,1,0.10598426171761999,0.905623000785869,28.563385009765625,75.52640556857178,success,5.344472408294678,0.19876079261302948,,0,28.563385009765625,2.0671000480651855
12,25,Linear,0.05055604147230541,896,4864,5.428571428571429,0.9110627919287327,12.688180504108585,7.075326345454523,2.4532626500980155,0.3913192425544405,1.030045725499341,True,3.6110315322875977,dense,7.293196698050759,3.0332113890896033,0.5576312807942359,model.layers.1.mlp.up_proj,896,0.6793800132074359,1079.4720180630684,896,37,12,0,1,1.9215250383176719,0.9984540305293863,3.6110315322875977,298.93730043925154,success,1.9002714157104492,0.17792236804962158,under-trained,0,3.6110315322875977,2.322514772415161
13,26,Linear,0.017994886738307847,896,4864,5.428571428571429,0.9117947245067622,5.472650571555825,6.17734494489504,2.352474250145561,0.37524251292824556,1.021849725888168,True,13.451371192932129,dense,6.18974886806242,3.032513859427563,1.1287665572879573,model.layers.1.mlp.down_proj,896,0.17488731939697286,1077.739646524191,896,132,39,0,1,0.38929426370267506,0.9785144762247091,13.451371192932129,80.12117360128141,success,3.6676111221313477,0.3119252920150757,,0,13.451371192932129,1.881394863128662
14,32,Linear,0.06607937090038674,896,896,1.0,1.4474108039028617,2.545779803275611,2.5442754172926385,1.937145478497767,0.0,0.9002177575269797,True,9.98640251159668,dense,3.3447427417075555,2.6311243896526175,0.9994090667303446,model.layers.2.self_attn.q_proj,896,0.1939783096313475,427.6853652948921,896,109,48,0,1,0.14805885267413604,1.0072631199760322,9.98640251159668,42.82677018057742,success,3.1601269245147705,0.0007212196360342205,,1,9.98640251159668,1.0894898176193237
15,33,Linear,0.08527383399649968,128,896,7.0,1.1466854436295244,7.330521430714038,3.9756052652160654,0.47463268667198016,0.09671904101817103,0.9292574531818993,True,3.4860687255859375,dense,4.17090691986644,1.9883213706919431,0.542335944692657,model.layers.2.self_attn.k_proj,128,0.13615127068161975,97.34673069324344,128,10,63,0,1,2.001886649756417,0.5733041699452653,3.4860687255859375,27.924501309675538,success,1.8671016693115234,0.09289465844631195,under-trained,0,3.4860687255859375,2.022054672241211
16,34,Linear,0.12006446586239433,128,896,7.0,2.344512195644307,6.256926637165649,-2.793183218801064,0.34960894717462454,0.07124212691544132,0.9882769920879693,True,0.35775476694107056,dense,-1.7488234638310798,1.3671049772748434,-0.4464145707270686,model.layers.2.self_attn.v_proj,128,0.9772307163476937,23.28654069826007,128,41,0,0,1,0.8209940088985788,1.0060179849324906,0.35775476694107056,65.09079081564225,success,0.5981260538101196,0.23086264729499817,under-trained,0,0.35775476694107056,0.22388005256652832
17,35,Linear,0.06887858401678587,896,896,1.0,2.0908162388205396,6.2280701838962,3.5767993427133646,0.9470860115028269,0.0,0.9000347756818544,True,3.752346992492676,dense,3.71546835029041,2.311676280682169,0.5743029922754925,model.layers.2.self_attn.o_proj,896,0.2523983025550843,204.9633830112388,896,22,65,1,1,1.1146283083640778,1.0173738717919678,3.752346992492676,54.62271570867759,success,1.9370975494384766,2.3662612875341438e-05,under-trained,3,3.752346992492676,1.5540077686309814
18,37,Linear,0.013295889858921883,896,4864,5.428571428571429,0.6429005419767444,4.047658457608349,6.446974891891967,4.451505774928064,0.7100584472689752,1.0171140679775799,True,39.153133392333984,dense,6.482674337553502,3.3360204259026824,1.5927665240068969,model.layers.2.mlp.gate_proj,896,0.1136947515878678,2167.80605949834,896,187,61,0,1,0.2228668588206809,0.949084767468976,39.153133392333984,55.36737092727263,success,6.257246494293213,0.17843636870384216,,0,39.153133392333984,3.2257936000823975
19,38,Linear,0.09383509425110148,896,4864,5.428571428571429,0.8867196574617153,7.803537646347184,8.903312446855493,2.613184442067549,0.416828323083982,1.0285863070670183,True,13.833524703979492,dense,8.90339930785912,3.056735336992214,1.1409328499905567,model.layers.2.mlp.up_proj,896,0.18890228614807145,1139.5551206581295,896,137,3,0,1,0.5812654487720985,1.0029495988407464,13.833524703979492,82.37633900565584,success,3.7193446159362793,0.1541900634765625,under-trained,0,13.833524703979492,1.9266763925552368
20,39,Linear,0.028463666768880347,896,4864,5.428571428571429,0.9015212111208333,5.8807542957450485,6.439537598137553,2.437804496676546,0.3888535168043102,1.0213486101277645,True,12.445690155029297,dense,6.448326476720921,3.0423561110186883,1.0950189846899072,model.layers.2.mlp.down_proj,896,0.19587539672851573,1102.4429156705737,896,89,41,0,1,0.5173589206321686,0.9848795660167065,12.445690155029297,88.58029582434021,success,3.5278449058532715,0.31714725494384766,,0,12.445690155029297,2.175837516784668
21,45,Linear,0.05888901612127806,896,896,1.0,1.4785631524326108,4.658806051765757,3.5934240549416407,1.8898478555916733,0.0,0.9317022873096547,True,5.90634298324585,dense,4.071502670073618,2.612628251948313,0.7713186629822633,model.layers.3.self_attn.q_proj,896,0.31996920276260377,409.8531260904332,896,37,42,0,1,0.6015040096570032,1.0163032263536054,5.90634298324585,69.39202942549014,success,2.4302968978881836,0.000782086281105876,,1,5.90634298324585,2.101566791534424
22,46,Linear,0.06254044053873475,128,896,7.0,1.0842576335014074,6.52332515638791,3.499951427525048,0.5125792622543409,0.10445166564203294,0.953678893865406,True,3.4397647380828857,dense,3.63667192831893,2.0369449928559464,0.5365287401161891,model.layers.3.self_attn.k_proj,128,0.1490157906962036,108.87921796739101,128,22,75,0,1,1.1775768800068664,0.5633456998524262,3.4397647380828857,31.653100214078485,success,1.8546602725982666,0.0739927738904953,under-trained,0,3.4397647380828857,1.4718495607376099
23,47,Linear,0.07627227275425319,128,896,7.0,2.315183461334944,20.34812782936783,-9.537670349385643,0.355949613411439,0.07253420640145619,0.9952821284296174,True,0.3398406207561493,dense,-9.4050118417375,1.3780391468980706,-0.46872471164743795,model.layers.3.self_attn.v_proj,128,1.0474016102590886,23.880265276879072,128,11,0,0,1,5.833680036895141,1.0024013745948142,0.3398406207561493,70.26901382108238,success,0.5829585194587708,0.23379023373126984,under-trained,0,0.3398406207561493,0.27318519353866577
24,48,Linear,0.06405269962440319,896,896,1.0,2.081449064421288,5.751842805001263,2.582832437898153,0.9571386639972755,0.0,0.9405222862664366,True,2.812187910079956,dense,2.745852728871692,2.315576434380049,0.44904433682581946,model.layers.3.self_attn.o_proj,896,0.3403537368774415,206.8123332698926,896,30,32,0,1,0.8675638313392714,1.018176858524126,2.812187910079956,73.54143459923078,success,1.6769579648971558,0.00039222012856043875,,2,2.812187910079956,1.0359013080596924
25,50,Linear,0.017196966453212448,896,4864,5.428571428571429,0.622051633824606,4.815882452106376,8.113735868823003,4.885090708848116,0.779219459408394,1.018340991997318,True,48.393489837646484,dense,8.116685725214348,3.3646551394624535,1.6847869418561512,model.layers.3.mlp.gate_proj,896,0.10094520410156253,2315.5552051216364,896,110,52,0,1,0.36383011630421647,0.9619898548249001,48.393489837646484,47.84848567214322,success,6.95654296875,0.1465854048728943,,0,48.393489837646484,4.200968265533447
26,51,Linear,0.05143526344019189,896,4864,5.428571428571429,0.900803329814199,18.223853464182103,9.170317548408013,2.5698394463808785,0.4099143748852616,1.0315885560276503,True,3.1856942176818848,dense,9.314580684649435,3.043048043907664,0.503204087238285,model.layers.3.mlp.up_proj,896,0.8066811409950256,1104.2007655603811,896,26,2,0,1,3.3778755735818167,1.0103939082600817,3.1856942176818848,346.61228922462885,success,1.784851312637329,0.12411391735076904,under-trained,0,3.1856942176818848,2.330636739730835
27,52,Linear,0.018534746153469783,896,4864,5.428571428571429,0.9123692710506742,5.07278377194286,5.092770211431906,2.458025795012469,0.3920790104741235,1.0205114090658665,True,10.091133117675781,dense,5.2312370150556795,3.031966710371938,1.0039399352283827,model.layers.3.mlp.down_proj,896,0.24358273410415662,1076.3827033638954,896,167,35,0,1,0.31516147038173986,1.000856026218381,10.091133117675781,106.66618810909225,success,3.17665433883667,0.35149630904197693,,0,10.091133117675781,1.7629867792129517
28,58,Linear,0.05216496799102366,896,896,1.0,1.4982836652369407,6.812091973042432,5.377733673016965,1.832718450247125,0.0,0.904836122539873,True,6.157995700836182,dense,5.708994044320573,2.601119920205738,0.7894393813674757,model.layers.4.self_attn.q_proj,896,0.2976160652399065,399.1350989164911,896,22,63,1,1,1.2391421721773397,1.0141727215723737,6.157995700836182,64.81574822507481,success,2.4815309047698975,0.00017370894784107804,under-trained,2,6.157995700836182,3.087977170944214
29,59,Linear,0.055936595694264346,128,896,7.0,1.1522294789547043,8.602396263960216,3.462186986753152,0.27089257620972135,0.055201571500812514,0.9513347729389718,True,2.52620005607605,dense,3.58574287486063,1.9841320053645317,0.40246774044320677,model.layers.4.self_attn.k_proj,128,0.10723322389221193,96.4122027438134,128,16,94,0,1,1.900599065990054,0.4352106487953948,2.52620005607605,38.16491196408673,success,1.589402437210083,0.07656250894069672,under-trained,0,2.52620005607605,1.3912086486816406
30,60,Linear,0.06562271129342134,128,896,7.0,2.311194491812059,6.510916177860005,-1.8527934152154748,0.35726871220834494,0.07280300788569347,0.9766453029933656,True,0.5193172693252563,dense,-1.3425859622962721,1.379536982050422,-0.28456723517894333,model.layers.4.self_attn.v_proj,128,0.6879584664545058,23.96276794373989,128,25,4,0,1,1.102183235572001,1.0025267405145453,0.5193172693252563,46.142828977889515,success,0.7206367254257202,0.19079002737998962,under-trained,0,0.5193172693252563,0.2784995138645172
31,61,Linear,0.07022456445624564,896,896,1.0,2.0971783097872128,3.6385614155354378,2.1119888581472126,0.9315269800870426,0.0,0.9004119957396778,True,3.8058013916015625,dense,2.825263276906963,2.309037294974174,0.5804461205820872,model.layers.4.self_attn.o_proj,896,0.24476500064945225,203.72170159030853,896,39,52,1,1,0.422507968171027,1.0120525901081634,3.8058013916015625,53.529251957254154,success,1.9508463144302368,0.00017009505245368928,,2,3.8058013916015625,1.175694465637207
32,63,Linear,0.030893652266511196,896,4864,5.428571428571429,0.6625387815133762,4.6912977568702825,7.455620362289616,4.216958786430006,0.6726459224099602,1.0184229488366763,True,38.836917877197266,dense,7.462697868319008,3.3098854003559475,1.5892447567138657,model.layers.4.mlp.gate_proj,896,0.10858119070529937,2041.1992512643337,896,158,54,0,1,0.29366388185396863,0.9519600510890996,38.836917877197266,52.5582194168607,success,6.231927394866943,0.15271669626235962,,0,38.836917877197266,3.334846258163452
33,64,Linear,0.07299568144281476,896,4864,5.428571428571429,0.8492904786925844,8.577578719492926,8.326627222176645,2.8262735215724004,0.4508181028513991,1.029119111407249,True,9.348529815673828,dense,8.328592639729415,3.09419549909874,0.9707433174881879,model.layers.4.mlp.up_proj,896,0.3023227798700332,1242.2113673109561,896,102,7,0,1,0.7502920950818256,0.9990128877718292,9.348529815673828,132.87772428433115,success,3.0575366020202637,0.1285831332206726,under-trained,0,9.348529815673828,2.2646453380584717
34,65,Linear,0.01917571795035397,896,4864,5.428571428571429,0.865205719921971,5.364994241260909,5.940116295422091,2.5924408332057376,0.4135195158075473,1.0233643918536952,True,12.799676895141602,dense,5.971875592685943,3.0780692458202563,1.1071990068019184,model.layers.4.mlp.down_proj,896,0.20253955271244037,1196.9313600882888,896,67,43,0,1,0.5332689210733174,0.974723752582793,12.799676895141602,93.51262300555496,success,3.5776636600494385,0.32264798879623413,,0,12.799676895141602,2.4502174854278564
35,71,Linear,0.10354642028430733,896,896,1.0,1.5173445165471855,6.081430707153869,4.450901796571141,1.8031065492468616,0.0,0.9047645595383694,True,5.393665313720703,dense,5.09098108722254,2.5901396105829106,0.7318839942277626,model.layers.5.self_attn.q_proj,896,0.33430078515624984,389.1702295920222,896,18,54,1,1,1.1977047037193516,1.018743613790114,5.393665313720703,72.15320324048093,success,2.3224265575408936,5.376138142310083e-05,under-trained,3,5.393665313720703,3.1736369132995605
36,72,Linear,0.11873193148450656,128,896,7.0,1.1994805057219717,4.922366661903299,2.263722208345547,0.30148907163330263,0.06143642168914521,0.9341765749011859,True,2.883267402648926,dense,2.7161976456003254,1.9492235814656367,0.4598849219960889,model.layers.5.self_attn.k_proj,128,0.10456507480239867,88.96590100973845,128,24,80,0,1,0.8006497421472354,0.47795934873247325,2.883267402648926,30.855931339564055,success,1.6980186700820923,0.06440725922584534,,0,2.883267402648926,1.2593294382095337
37,73,Linear,0.09076511992630748,128,896,7.0,2.0959041870637125,12.550156281202112,-4.613603500361133,0.44876166688517743,0.09144713224701854,0.9879336679236109,True,0.4289303421974182,dense,-4.053649914917211,1.4644671191128693,-0.367613231021791,model.layers.5.self_attn.v_proj,128,1.046234371264488,29.138495158404112,128,19,0,0,1,2.649787579571661,1.0189228011941514,0.4289303421974182,67.93293057592301,success,0.6549277305603027,0.18762637674808502,under-trained,0,0.4289303421974182,0.32837048172950745
38,74,Linear,0.0642652875286856,896,896,1.0,2.0856590506136437,4.119137951876392,1.424293339757516,0.954835941776382,0.0,0.9380896919186736,True,2.217045545578003,dense,2.250403330770739,2.313821380905245,0.34577461507661017,model.layers.5.self_attn.o_proj,896,0.43067944349670456,205.97825799859538,896,84,34,1,1,0.34032585160674034,1.0190082446991457,2.217045545578003,92.90664254030698,success,1.488974690437317,0.00015344210260082036,,2,2.217045545578003,0.7134016752243042
39,76,Linear,0.01943307291723828,896,4864,5.428571428571429,0.6976503595450064,4.9597367387753195,7.513736593284642,3.7673535149666435,0.6009295106875961,1.0185032864064956,True,32.73004913330078,dense,7.519044356183971,3.265032364886729,1.514946657257451,model.layers.5.mlp.gate_proj,896,0.1151038148345948,1840.909186258912,896,106,63,0,1,0.3846036313029127,0.9474662537231817,32.73004913330078,56.24523137015098,success,5.721018314361572,0.4655199646949768,,0,32.73004913330078,3.455568790435791
40,77,Linear,0.04798724493719764,896,4864,5.428571428571429,0.8297248076584912,10.86558574155081,7.481241451192159,3.015493752094994,0.4810005691605485,1.0294717930842403,True,4.88119649887085,dense,7.604446533502801,3.114439859446602,0.6885262910938463,model.layers.5.mlp.up_proj,896,0.6177775782623293,1301.4870748072863,896,65,8,0,1,1.223675309020334,1.008140431097374,4.88119649887085,266.63279691943455,success,2.2093429565429688,0.3631250560283661,under-trained,0,4.88119649887085,2.582127571105957
41,78,Linear,0.025225667613976183,896,4864,5.428571428571429,0.8416932874305234,5.8691912367783035,6.271313369359842,2.861267292502962,0.4563999495134854,1.020707569510176,True,11.708845138549805,dense,6.309768383693412,3.102000282347295,1.0685140620502716,model.layers.5.mlp.down_proj,896,0.2443680191040039,1264.737169712782,896,54,45,0,1,0.6626129994521217,0.9961868843545165,11.708845138549805,108.01553481553908,success,3.421818971633911,0.384574294090271,,0,11.708845138549805,2.866460084915161
42,84,Linear,0.07035688752028246,896,896,1.0,1.5489858802781982,2.891404412598517,2.2817332297619712,1.7053860834913435,0.0,0.9203800133030372,True,6.153802871704102,dense,3.176941835008649,2.5722130916972485,0.789143580130103,model.layers.6.self_attn.q_proj,896,0.27712718769931777,373.4333423142716,896,92,45,1,1,0.19719254141897277,1.0114136735190833,6.153802871704102,60.683344933156924,success,2.4806859493255615,2.6283027182216756e-05,,3,6.153802871704102,1.1285011768341064
43,85,Linear,0.07474506409021486,128,896,7.0,1.26493608387711,4.591138020051606,2.6411479344238393,0.3000567643992242,0.06114455097308725,0.9358836613703717,True,3.760718822479248,dense,2.7639596812102876,1.9030728065621687,0.5752708637572503,model.layers.6.self_attn.k_proj,128,0.07978707756763698,79.99683531047776,128,29,77,0,1,0.6668575890739514,0.5028428414464697,3.760718822479248,21.271687431750074,success,1.939257264137268,0.07187885791063309,,0,3.760718822479248,1.0145676136016846
44,86,Linear,0.1256764181665747,128,896,7.0,1.87499749903043,19.91472686124172,-7.349117662474718,0.45226928420519247,0.09216190262204127,0.9998494904871591,True,0.4275340437889099,dense,-6.6590902197315165,1.5612085840889351,-0.369029297448094,model.layers.6.self_attn.v_proj,128,1.057855604192529,36.408986017107964,128,15,0,0,1,4.883761475443418,0.9150845417295204,0.4275340437889099,85.16043703664565,success,0.653860867023468,0.3491140305995941,under-trained,0,0.4275340437889099,0.37476617097854614
45,87,Linear,0.059977339150606324,896,896,1.0,1.9875687540574392,6.30310411926199,2.359155759749477,1.054161241022889,0.0,0.9439916164272353,True,2.36747145652771,dense,2.716953586749327,2.3556636882214135,0.37428475162579145,model.layers.6.self_attn.o_proj,896,0.44526882810616514,226.81077796273146,896,32,28,0,1,0.9374652210171166,1.0203418200805268,2.36747145652771,95.80296199025231,success,1.5386589765548706,0.00025505266967229545,under-trained,2,2.36747145652771,1.0698615312576294
46,89,Linear,0.02184029645397423,896,4864,5.428571428571429,0.6795304432768153,4.338041827938973,6.803601086592518,3.782761504135653,0.603387234751778,1.0137980819964825,True,37.01328659057617,dense,6.8206932498479205,3.2878901734678028,1.5683576499364795,model.layers.6.mlp.gate_proj,896,0.10220009765624999,1940.3951188474894,896,99,85,0,1,0.3354858265995652,0.9247431844776808,37.01328659057617,52.42428591417026,success,6.083854675292969,0.26090383529663086,,0,37.01328659057617,3.8004446029663086
47,90,Linear,0.07204823863544196,896,4864,5.428571428571429,0.8365310491923142,14.040423350477997,8.537849725535509,2.9246898945215314,0.466516471110448,1.0286958499998906,True,4.055931568145752,dense,8.850233705048332,3.107343879393721,0.6080906189516603,model.layers.6.mlp.up_proj,896,0.7210895562171948,1280.3947342410684,896,24,15,0,1,2.6618652698788416,1.0009899521947245,4.055931568145752,315.68450126155005,success,2.013934373855591,0.1872275471687317,under-trained,0,4.055931568145752,2.9341301918029785
48,91,Linear,0.04406596708936661,896,4864,5.428571428571429,0.8578892604784892,5.874416889353014,6.893729058898796,2.801986370134604,0.4469440660848654,1.0168965173349351,True,14.911356925964355,dense,6.901274381492057,3.085445547407686,1.1735171658302317,model.layers.6.mlp.down_proj,896,0.1879095500192644,1217.4343392550945,896,68,50,0,1,0.5911098734734457,1.004782311571742,14.911356925964355,81.64477218939348,success,3.861522674560547,0.33729079365730286,,0,14.911356925964355,2.7198405265808105
49,97,Linear,0.08090568649137697,896,896,1.0,1.5702617555487655,7.359328544282302,5.604713481745335,1.6696549259150464,0.0,0.9084817859811705,True,5.775365352630615,dense,5.810579684200909,2.560363902913693,0.7615794631291214,model.layers.7.self_attn.q_proj,896,0.2890994463500975,363.3824116937753,896,17,56,1,1,1.5423637232989016,1.014507867319416,5.775365352630615,62.919380767531635,success,2.4031989574432373,0.00019099292694590986,under-trained,2,5.775365352630615,3.0725183486938477
50,98,Linear,0.10844079479151092,128,896,7.0,1.2798453954812938,10.285920116842298,3.6554068008168894,0.31574886309854505,0.06434223368727779,0.9302460966203924,True,2.266624927520752,dense,3.856287030286892,1.8928949490156597,0.3553796606714337,model.layers.7.self_attn.k_proj,128,0.13930353419518468,78.14387604175135,128,11,71,0,1,2.7998102600708252,0.5219037140063457,2.266624927520752,34.47587428027874,success,1.5055314302444458,0.08496115356683731,under-trained,0,2.266624927520752,1.5319100618362427
51,99,Linear,0.07158260544072137,128,896,7.0,1.9842392821040136,18.197792020656912,-6.133010507029231,0.48201006217098225,0.09822237760566475,0.997952769256461,True,0.46023592352867126,dense,-6.017288623798042,1.5120218833751788,-0.3370194856643844,model.layers.7.self_attn.v_proj,128,1.0473108193627447,32.51036784052849,128,12,0,0,1,4.964574926296733,0.9997331077753053,0.46023592352867126,70.63848382644383,success,0.6784068942070007,0.21495741605758667,under-trained,0,0.46023592352867126,0.355435311794281
52,100,Linear,0.05927880805122099,896,896,1.0,2.032335104484663,9.696107558928734,3.002646297146346,1.0149569299925303,0.0,0.9368809082536511,True,2.040212631225586,dense,3.181395991908864,2.3363173720942703,0.309675432012028,model.layers.7.self_attn.o_proj,896,0.49747605443596854,216.9288790458252,896,14,35,0,1,2.324132506003315,1.0237387204286572,2.040212631225586,106.32660327934192,success,1.428360104560852,0.00029906039708293974,under-trained,3,2.040212631225586,1.2698975801467896
53,102,Linear,0.022730384821407656,896,4864,5.428571428571429,0.6507078055003289,3.3377720621556897,5.700300467307099,3.8327370117942903,0.611358814069822,1.0024572799382423,True,51.028873443603516,dense,5.780054197490477,3.325535977059975,1.7078159805872357,model.layers.7.mlp.gate_proj,896,0.0751091833534241,2116.0989761315286,896,207,106,0,1,0.16248639057979766,0.8913499969099241,51.028873443603516,41.468659473155235,success,7.143449783325195,0.24657736718654633,,0,51.028873443603516,3.0092952251434326
54,103,Linear,0.05817967684876513,896,4864,5.428571428571429,0.8591167734618327,11.483612772006692,6.593686301038171,2.7728387719149694,0.44229474080486225,1.0277383297845806,True,3.7513036727905273,dense,7.261817978045827,3.0842036130279196,0.5741822222629651,model.layers.7.mlp.up_proj,896,0.7391667041053769,1213.9578646086156,896,49,17,0,1,1.4976589674295275,1.0009727348720143,3.7513036727905273,323.6095956224131,success,1.9368282556533813,0.18106921017169952,under-trained,0,3.7513036727905273,2.5873615741729736
55,104,Linear,0.03602210532118966,896,4864,5.428571428571429,0.8951720625011226,5.377142717751695,5.509181341384631,2.5837866904876163,0.4121390959110972,1.0143300099669064,True,10.58170223236084,dense,5.61160201908949,3.0484949700632944,1.024555536381252,model.layers.7.mlp.down_proj,896,0.24417495727539087,1118.1368744075298,896,39,54,0,1,0.7009037823349604,1.0067985673906383,10.58170223236084,105.66701366705033,success,3.252952814102173,0.3089851140975952,,0,10.58170223236084,2.9774227142333984
56,110,Linear,0.07937862217615665,896,896,1.0,1.4781265417827871,3.8763499567013575,3.297991298231876,1.8755070049552731,0.0,0.9125297168687201,True,7.092480182647705,dense,3.981271979553375,2.6128847788306673,0.8507981309918559,model.layers.8.self_attn.q_proj,896,0.26443598806858065,410.09528758787536,896,32,47,0,1,0.5084716398622905,1.0121408772652383,7.092480182647705,57.82113971797973,success,2.6631710529327393,0.00045615274575538933,,2,7.092480182647705,2.4939095973968506
57,111,Linear,0.08038846728148707,128,896,7.0,1.125789078105929,5.076628162615997,3.0748607699135238,0.34794130735136436,0.07090230092157565,0.9204948560898684,True,4.033569812774658,dense,3.3917261769560465,2.004295907614061,0.6056895780858297,model.layers.8.self_attn.k_proj,128,0.08626138222509616,100.99407773360144,128,17,72,0,1,0.9887275594607884,0.48191673279950026,4.033569812774658,25.038385951259507,success,2.0083749294281006,0.0423416942358017,,0,4.033569812774658,1.752293586730957
58,112,Linear,0.09538987508820851,128,896,7.0,2.147197935697012,8.530096272083767,-2.8215309893332585,0.40901742287324805,0.08334818484038403,0.9909723326580633,True,0.4669026732444763,dense,-2.320529267464888,1.4434658077257985,-0.33077363951532557,model.layers.8.self_attn.v_proj,128,0.8760228765258776,27.762962579727173,128,25,1,0,1,1.5060192544167534,0.9965634715631673,0.4669026732444763,59.461991054375744,success,0.6833027601242065,0.27664756774902344,under-trained,0,0.4669026732444763,0.2972794771194458
59,113,Linear,0.058203700159610516,896,896,1.0,2.052056019692636,5.071186601873506,2.3787905061135826,0.9897179151372024,0.0,0.9231717414667393,True,2.9449617862701416,dense,2.866408070630454,2.327929584588315,0.46907966376838883,model.layers.8.self_attn.o_proj,896,0.33607156457901,212.7794022857876,896,31,42,1,1,0.7312066992368504,1.020739527029734,2.9449617862701416,72.25200791324269,success,1.716089129447937,1.8550908009729028e-07,,3,2.9449617862701416,1.200452446937561
60,115,Linear,0.030342731811449752,896,4864,5.428571428571429,0.6938062643400249,4.091759938211526,6.384556361578101,3.4558978049222846,0.5512492970590455,1.008371911092661,True,36.33664321899414,dense,6.418388279864908,3.2698315761708745,1.560344804678042,model.layers.8.mlp.gate_proj,896,0.09510778923892986,1861.3651402890682,896,82,110,0,1,0.341427768233772,0.902456761475533,36.33664321899414,51.225566684048644,success,6.027988433837891,0.4741203784942627,,0,36.33664321899414,4.067161560058594
61,116,Linear,0.05107980244447358,896,4864,5.428571428571429,0.8298825715181202,8.245645604932186,6.035243523628626,2.8689835696011374,0.4576307707259136,1.0253796454752697,True,5.394248962402344,dense,6.425986789706597,3.1142747216561903,0.7319309867038921,model.layers.8.mlp.up_proj,896,0.5318596879005427,1300.9922864735126,896,55,38,0,1,0.9770026540605349,0.9835318203168968,5.394248962402344,241.18135731987277,success,2.32255220413208,0.3995259702205658,under-trained,0,5.394248962402344,2.8363261222839355
62,117,Linear,0.03161594290309827,896,4864,5.428571428571429,0.8622597837653709,4.737540138897723,5.805005303184554,1.5335257484672142,0.24461226534547612,1.0083073139174825,True,16.80043601989746,dense,5.850728683322345,3.081031747946953,1.2253205530698041,model.layers.8.mlp.down_proj,896,0.09127892553806315,1205.124034550041,896,113,280,0,1,0.35159820050824164,0.7471217983253507,16.80043601989746,71.73171179145363,success,4.0988335609436035,0.1285237967967987,,0,16.80043601989746,2.415287971496582
63,123,Linear,0.07449419262390766,896,896,1.0,1.6796576400475491,6.283734042525598,5.184909535982328,1.4589910096949454,0.0,0.8535180818905005,True,6.685469627380371,dense,5.5282612796411135,2.5018664702463207,0.8251319201120066,model.layers.9.self_attn.q_proj,896,0.21823313708877548,317.58974475925174,896,21,63,2,1,1.1530052953280272,1.0144183156445312,6.685469627380371,47.504477988885256,success,2.585627555847168,5.056536247138865e-05,under-trained,5,6.685469627380371,3.3595361709594727
64,124,Linear,0.11440149887054962,128,896,7.0,1.4049058122557927,7.6149874480741,2.1771576465144435,0.12867938648654792,0.02622184946227018,0.9017479559657102,True,1.9315426349639893,dense,2.686406346693005,1.8119155511852099,0.2859042987740008,model.layers.9.self_attn.k_proj,128,0.06662000835873186,64.85083184670657,128,17,77,0,1,1.604370115326149,0.3657326050502845,1.9315426349639893,33.57463131944567,success,1.3897994756698608,0.06984227150678635,under-trained,0,1.9315426349639893,1.231747031211853
65,125,Linear,0.10753669901666607,128,896,7.0,2.158890586933355,10.817488025608505,-2.6940432551387787,0.38866676585783755,0.07920119689393333,0.9756170005144258,True,0.5635790228843689,dense,-2.409846442141911,1.438748704150477,-0.24904518024527542,model.layers.9.self_attn.v_proj,128,0.6896402280352109,27.463045988231897,128,10,7,0,1,3.104562306235234,0.976745266849212,0.5635790228843689,48.72971646048396,success,0.7507190108299255,0.18581974506378174,under-trained,0,0.5635790228843689,0.40756478905677795
66,126,Linear,0.08969436970973288,896,896,1.0,2.2414097894082583,2.9478832902423435,1.2045098344591583,0.8193195552170482,0.0,0.898912429617331,True,2.5621325969696045,dense,2.3415149788042724,2.251265480876701,0.4086016018497585,model.layers.9.self_attn.o_proj,896,0.3197803096475604,178.34686549666438,896,76,54,0,1,0.22343753726257584,1.0144202942368459,2.5621325969696045,69.60875705949272,success,1.6006662845611572,0.0003078027511946857,,2,2.5621325969696045,0.6811150312423706
67,128,Linear,0.029865123885722156,896,4864,5.428571428571429,0.7578450846765377,4.240130201324797,6.032466709804737,3.0195435843326486,0.4816465567736759,1.0117902551212028,True,26.467193603515625,dense,6.070693552347544,3.1931471333481425,1.4227078941868196,model.layers.9.mlp.gate_proj,896,0.11408627713108066,1560.080948535353,896,104,96,0,1,0.31772090621416266,0.9214225365026403,26.467193603515625,58.94395045828085,success,5.144627571105957,0.23253853619098663,,0,26.467193603515625,3.095142364501953
68,129,Linear,0.041235983244326424,896,4864,5.428571428571429,0.8415151175270289,7.120226714015642,5.054668351009325,2.809993992026625,0.44822135962427617,1.0259460943326106,True,5.12746524810791,dense,5.703172451879024,3.102184164998998,0.7099027255774851,model.layers.9.mlp.up_proj,896,0.5480278960571293,1265.2727797087282,896,80,34,0,1,0.6842621485124569,0.9870118316126254,5.12746524810791,246.76379428912315,success,2.264390707015991,0.1716950684785843,under-trained,0,5.12746524810791,2.530536413192749
69,130,Linear,0.03714220209198582,896,4864,5.428571428571429,0.8638128387679089,4.201018438793084,5.13329508378597,1.4131348894118103,0.22540875292329143,0.9989254571669399,True,16.669279098510742,dense,5.5113532049739575,3.0794687003882264,1.2219168181658162,model.layers.9.mlp.down_proj,896,0.08477480526065832,1200.7945286110044,896,63,267,0,1,0.40329041577041574,0.7184874801694193,16.669279098510742,72.03638030862925,success,4.082802772521973,0.31169551610946655,,0,16.669279098510742,3.247143507003784
70,136,Linear,0.06896890919990428,896,896,1.0,1.5390540407160258,3.9590281609618865,4.100422140540531,1.721228121490629,0.0,0.8925606819252841,True,10.857111930847168,dense,4.370732186291044,2.577800270749369,1.0357143151879706,model.layers.10.self_attn.q_proj,896,0.15853462066650387,378.2685814108243,896,20,51,1,1,0.6616588115246967,1.0095854670417181,10.857111930847168,34.840626477847174,success,3.295013189315796,0.00015614427684340626,,2,10.857111930847168,3.1592981815338135
71,137,Linear,0.11359856433867277,128,896,7.0,1.467227980310823,6.067403703869596,2.992567593533773,0.24630422501257246,0.05019104058967493,0.9077416971790404,True,3.1132962703704834,dense,3.081822369150965,1.7742147686847387,0.49322045138107573,model.layers.10.self_attn.k_proj,128,0.07911364792251596,59.45861225388944,128,8,63,0,1,1.7915977610080094,0.5284397892183356,3.1132962703704834,19.09828268506352,success,1.7644535303115845,0.05521470680832863,under-trained,0,3.1132962703704834,1.4823285341262817
72,138,Linear,0.07275167968191881,128,896,7.0,1.8408255813093328,6.088081021836473,-1.0983366348978933,0.5573775726685316,0.11358051357889933,0.9924097848907427,True,0.6600735187530518,dense,-0.36228362480461623,1.5771846877657556,-0.18040769019965827,model.layers.10.self_attn.v_proj,128,0.8444174123535154,37.77327911555767,128,37,3,0,1,0.8364753673175237,0.9973540722621839,0.6600735187530518,57.2258665775827,success,0.8124490976333618,0.3335120379924774,under-trained,0,0.6600735187530518,0.3502965569496155
73,139,Linear,0.0760069589515866,896,896,1.0,1.957153188828359,4.590018844832992,2.434322625275919,1.0892427174287729,0.0,0.9138163562124738,True,3.391183853149414,dense,3.0588736833627435,2.3690583701405825,0.5303513357066603,model.layers.10.self_attn.o_proj,896,0.3211983674719335,233.91516046913873,896,40,50,0,1,0.567631819629943,1.0213089942546165,3.391183853149414,68.97743401670783,success,1.8415167331695557,0.000606704328674823,,2,3.391183853149414,1.2761304378509521
74,141,Linear,0.04656606283361886,896,4864,5.428571428571429,0.714034736314434,3.2718182071014925,5.1310131956925416,3.013788112050789,0.4807285029917906,1.0025939910136057,True,37.00370407104492,dense,5.25756629256485,3.244869330023703,1.568245199123735,model.layers.10.mlp.gate_proj,896,0.0814455792388917,1757.3947716802359,896,196,134,0,1,0.16227272907867804,0.8673281423809021,37.00370407104492,47.49240152569975,success,6.083066940307617,0.49306392669677734,,0,37.00370407104492,2.615838050842285
75,142,Linear,0.05559549999269653,896,4864,5.428571428571429,0.8173889930741477,5.787582442287804,4.4240260579771675,2.8272646708392815,0.4509762007951146,1.023666862331949,True,5.812991142272949,dense,5.295676868271071,3.127450439214733,0.7643996611870932,model.layers.10.mlp.up_proj,896,0.48637002906799326,1341.0668869018555,896,110,61,0,1,0.4564780751650466,0.9616560298628183,5.812991142272949,230.7016911051893,success,2.4110145568847656,0.4043278992176056,,0,5.812991142272949,2.561159610748291
76,143,Linear,0.023367298487705024,896,4864,5.428571428571429,0.8585339415579366,4.871389820324839,5.858167337744639,1.3552352697108974,0.21617320069872784,1.0094435692275587,True,15.942848205566406,dense,5.904972872197944,3.0847930709130194,1.2025659111292388,model.layers.10.mlp.down_proj,896,0.08500584414005273,1215.6066603064537,896,83,338,0,1,0.4249402387595762,0.6993145396344334,15.942848205566406,76.24777233230056,success,3.992849588394165,0.14189836382865906,,0,15.942848205566406,2.661190986633301
77,149,Linear,0.09850119202340946,896,896,1.0,1.6001125797385367,3.895669666000749,3.0705254334589447,1.6120990557093726,0.0,0.8792107465899272,True,6.140296936035156,dense,3.8719581013118134,2.5440069305512796,0.7881893735130555,model.layers.11.self_attn.q_proj,896,0.2625441525878908,349.95075156230394,896,43,66,0,1,0.4415854842206051,1.0158191731377015,6.140296936035156,56.99248020214967,success,2.4779622554779053,0.0003498036530800164,,3,6.140296936035156,2.2505948543548584
78,150,Linear,0.08270105808656603,128,896,7.0,1.4911230469630354,6.032299080809302,2.121211689260449,0.16987126750909395,0.03461579143489422,0.9154780923638384,True,2.2472031116485596,dense,2.400789548330055,1.760183004120642,0.3516423275511505,model.layers.11.self_attn.k_proj,128,0.07559230700089034,57.56824687868357,128,11,77,0,1,1.5172952621722569,0.446000582360532,2.2472031116485596,25.61773191763303,success,1.4990674257278442,0.1150762215256691,under-trained,0,2.2472031116485596,1.183027982711792
79,151,Linear,0.07578386479827692,128,896,7.0,1.785503915174058,12.03414654256109,-1.849531267335106,0.6440826086023388,0.13124897207838632,0.9833964458156967,True,0.7019557356834412,dense,-1.5997374546296486,1.6036883559846944,-0.1536902729906006,model.layers.11.self_attn.v_proj,128,0.9175544494628914,40.15025944635272,128,15,1,0,1,2.8490043865967496,1.0399047752210526,0.7019557356834412,57.197708353022364,success,0.8378279805183411,0.21318478882312775,under-trained,0,0.7019557356834412,0.4900543987751007
80,152,Linear,0.08005841583915851,896,896,1.0,1.9190786285538848,6.912239742091028,3.2717699112070817,1.1320399608198475,0.0,0.8871833792247834,True,2.973924398422241,dense,4.012916162998949,2.386122471605974,0.4733299239151296,model.layers.11.self_attn.o_proj,896,0.3806552585601805,243.28899904714825,896,30,76,1,1,1.0794223573739272,1.0209245613765954,2.973924398422241,81.80739200237255,success,1.7245069742202759,0.00010583506809780374,under-trained,3,2.973924398422241,1.79694664478302
81,154,Linear,0.03648421177205741,896,4864,5.428571428571429,0.700368099800118,4.1303355092610055,6.532236579287764,3.3796473353503087,0.5390866058787376,1.0037259130537683,True,38.15283966064453,dense,6.562736681362279,3.2616552962221945,1.5815268674036855,model.layers.11.mlp.gate_proj,896,0.0885818032264709,1826.6498107984662,896,47,116,0,1,0.456606362443914,0.9008858996347845,38.15283966064453,47.87716529217337,success,6.176798343658447,0.23114974796772003,,0,38.15283966064453,5.07339334487915
82,155,Linear,0.04421840369909469,896,4864,5.428571428571429,0.8225271835978669,6.309463330137615,8.22356018459221,2.841550459312941,0.4532549229386983,1.0203762698358483,True,20.108015060424805,dense,8.224121684379625,3.1220074900558705,1.3033692018323924,model.layers.11.mlp.up_proj,896,0.14131431922912585,1324.3643756359816,896,93,53,0,1,0.5505656998295247,0.9701428489175138,20.108015060424805,65.86251162316381,success,4.484196186065674,0.17416559159755707,under-trained,0,20.108015060424805,2.6392033100128174
83,156,Linear,0.02301128388430962,896,4864,5.428571428571429,0.866584710328717,4.862922183503921,5.474376701693384,2.4328813021388487,0.38806821941376674,1.0139009841216413,True,13.35789680480957,dense,5.580543707222004,3.076685965163744,1.1257380840400137,model.layers.11.mlp.down_proj,896,0.1821305657386782,1193.1250533685088,896,84,85,0,1,0.42147936451501933,0.9457562571714804,13.35789680480957,89.31982862294001,success,3.654845714569092,0.3322674632072449,,0,13.35789680480957,2.564321994781494
84,162,Linear,0.08931844173695036,896,896,1.0,1.5743094989677888,2.88903845427539,2.393798385144312,1.658141680429654,0.0,0.8799433561718466,True,6.7387542724609375,dense,3.3744376332237955,2.558127777910097,0.8285796201853287,model.layers.12.self_attn.q_proj,896,0.24606056451797498,361.51621211694925,896,66,58,2,1,0.2325245598540518,1.0136101208917818,6.7387542724609375,53.64733562022681,success,2.5959110260009766,2.2297550458461046e-05,,3,6.7387542724609375,1.5857428312301636
85,163,Linear,0.08413639930681682,128,896,7.0,1.4443796845259396,5.102280895916857,1.6253001248773697,0.2394955074075376,0.04880358318142101,0.9401794943897802,True,2.0823025703430176,dense,2.02416404831117,1.7878472269208012,0.3185438352047669,model.layers.12.self_attn.k_proj,128,0.11501474896997584,61.354613822419196,128,16,79,0,1,1.0255702239792142,0.512970081780111,2.0823025703430176,29.464792819379873,success,1.4430185556411743,0.06181458383798599,,0,2.0823025703430176,0.9730789065361023
86,164,Linear,0.08978056714922844,128,896,7.0,1.934261723257617,6.905011618362991,-1.6068109258446357,0.5041568163027039,0.10273536813799544,0.9880443371828528,True,0.5851913094520569,dense,-0.8415847023149813,1.5341794941908538,-0.2327021321110494,model.layers.12.self_attn.v_proj,128,0.8615247837066659,34.21208120509982,128,27,3,0,1,1.1364200158099136,0.9966898573290659,0.5851913094520569,58.46307122560357,success,0.7649779915809631,0.24417473375797272,under-trained,0,0.5851913094520569,0.36259758472442627
87,165,Linear,0.08564221283271678,896,896,1.0,1.9792955915875263,3.7757858471098915,1.7223533198243846,1.0605813018170456,0.0,0.9216188075770323,True,2.8586275577545166,dense,2.5987303604600522,2.3592866949137137,0.45615757608253377,model.layers.12.self_attn.o_proj,896,0.3710106617212295,228.71081154004906,896,71,48,0,1,0.32942517304241065,1.0191841118789409,2.8586275577545166,80.00720867593675,success,1.690747618675232,0.00030337987118400633,,3,2.8586275577545166,0.9142770767211914
88,167,Linear,0.04217533650347294,896,4864,5.428571428571429,0.7103537929701109,4.471847857040791,7.0691733981214995,3.3436412484457154,0.5333432849773689,1.0071068344591592,True,38.09053421020508,dense,7.079046811624253,3.249358602180622,1.580817063575027,model.layers.12.mlp.gate_proj,896,0.08778142175674446,1775.6550554856658,896,65,113,0,1,0.43062972748216666,0.9088501465108074,38.09053421020508,46.616701296091,success,6.1717529296875,0.23222985863685608,,0,38.09053421020508,4.295389652252197
89,168,Linear,0.061853297440760124,896,4864,5.428571428571429,0.8132391533918614,8.53795715565917,5.837350446355867,3.002652223994465,0.4789522205871335,1.0248936079944697,True,4.827186107635498,dense,6.612980426015813,3.131871450515427,0.6836940429581245,model.layers.12.mlp.up_proj,896,0.6220295130624776,1354.7883408945054,896,53,39,0,1,1.0354180459223994,0.9860036831260155,4.827186107635498,280.65798804639866,success,2.1970858573913574,0.17676830291748047,under-trained,0,4.827186107635498,3.0061912536621094
90,169,Linear,0.03953800450419698,896,4864,5.428571428571429,0.8576620902059163,4.611908443013807,5.225468208436092,2.7454562744555893,0.4379269662558853,1.0147822885088111,True,13.584327697753906,dense,5.318906044159453,3.0856755814346313,1.1330381496084805,model.layers.12.mlp.down_proj,896,0.2021046853065489,1218.0793520659208,896,147,57,0,1,0.2979051874089005,0.9943315517018747,13.584327697753906,89.66798940423998,success,3.685692310333252,0.3670498728752136,,0,13.584327697753906,2.1736769676208496
91,175,Linear,0.08624285513498398,896,896,1.0,1.6409073427284204,7.2111854403266955,5.7767047765703285,1.5189818661429042,0.0,0.9045843596352613,True,6.325219631195068,dense,5.931234927343907,2.5221398928671723,0.8010756101577414,model.layers.13.self_attn.q_proj,896,0.24014689682102192,332.7667252626492,896,9,55,1,1,2.070395146775565,1.011184391637622,6.325219631195068,52.60951313397749,success,2.5149989128112793,7.060220377752557e-05,under-trained,2,6.325219631195068,3.5819520950317383
92,176,Linear,0.07760296168985026,128,896,7.0,1.375283918492584,6.4125181937106355,2.5855773762579277,0.2333427168292996,0.04754978836066083,0.9332737208056586,True,2.530508518218994,dense,2.7256802531084974,1.83042524021555,0.4032078035729939,model.layers.13.self_attn.k_proj,128,0.09221178871728491,67.67452874407172,128,10,78,0,1,1.711588536922605,0.48211591613639526,2.530508518218994,26.743450281567107,success,1.5907572507858276,0.053557079285383224,under-trained,0,2.530508518218994,1.2542790174484253
93,177,Linear,0.10394009685516792,128,896,7.0,1.7651495511810757,15.714892531141219,-3.582307396692041,0.6195944054350647,0.12625884899351386,0.9937371493988245,True,0.5916212797164917,dense,-3.124261287049204,1.6136469564310827,-0.22795621348305162,model.layers.13.self_attn.v_proj,128,1.047282149370925,41.08156280219555,128,11,0,0,1,4.436707032381681,1.0083173260995388,0.5916212797164917,69.43895395696731,success,0.7691692113876343,0.2987383306026459,under-trained,0,0.5916212797164917,0.4862436056137085
94,178,Linear,0.11441973706465858,896,896,1.0,1.9435095327985432,2.5098287825238557,0.9237180573549486,1.101750800280515,0.0,0.9263106543269055,True,2.333674430847168,dense,2.3607597098061572,2.3751346593399543,0.3680402678409274,model.layers.13.self_attn.o_proj,896,0.47210989918613394,237.21090986783923,896,182,52,0,1,0.11191595533210703,1.0199957608504855,2.333674430847168,101.64695928974427,success,1.5276368856430054,0.0002577788836788386,,3,2.333674430847168,0.4373350441455841
95,180,Linear,0.03490011406197835,896,4864,5.428571428571429,0.7311427627870691,4.990018102882125,7.344751529017749,3.0375814863906507,0.48452377751085485,1.0116351170502749,True,29.64072036743164,dense,7.352908408662504,3.2243036386818598,1.4718887542262786,model.layers.13.mlp.gate_proj,896,0.10248001562500002,1676.114328339696,896,48,120,0,1,0.5759095064426187,0.8916078732015239,29.64072036743164,56.547692079081905,success,5.444329261779785,0.4067627191543579,,0,29.64072036743164,4.385889053344727
96,181,Linear,0.056102355411839167,896,4864,5.428571428571429,0.7942902230279829,7.839342377847095,6.0052588279921215,3.108259033690983,0.495797533410602,1.0247049164279036,True,5.835003852844238,dense,6.525610185591361,3.1523495760177793,0.7660411471454747,model.layers.13.mlp.up_proj,896,0.5326918562660212,1420.2002214044333,896,55,43,0,1,0.9222167380967069,0.979818330048825,5.835003852844238,243.3931934273128,success,2.4155752658843994,0.41284680366516113,under-trained,0,5.835003852844238,3.12227463722229
97,182,Linear,0.029945404144040566,896,4864,5.428571428571429,0.8312073221111888,5.240774964085442,6.141603363103136,2.9988530935437927,0.47834622234627516,1.01422205910232,True,14.855538368225098,dense,6.179134829517805,3.112889289123847,1.171888395359654,model.layers.13.mlp.down_proj,896,0.2018676818847655,1296.8486346155405,896,85,53,0,1,0.45997662723247507,1.0071512512286436,14.855538368225098,87.29731649371955,success,3.854288339614868,0.3827010691165924,,0,14.855538368225098,2.783843994140625
98,188,Linear,0.0803977001582381,896,896,1.0,1.6371635343269078,2.249541062486533,1.7173108445288818,1.523859657152812,0.0,0.8961444038535339,True,5.799692630767822,dense,2.86770484591408,2.524123884181547,0.7634049776493744,model.layers.14.self_attn.q_proj,896,0.26274834791564944,334.2903840524919,896,150,56,1,1,0.10202460052490524,1.0104958933802743,5.799692630767822,57.6393276911013,success,2.408255100250244,5.801371662528254e-05,,3,5.799692630767822,0.6134428977966309
99,189,Linear,0.08313833822098493,128,896,7.0,1.345319734535504,9.003032424158722,3.542331226852269,0.21610339331458167,0.04403681741498753,0.919091840314689,True,2.4743423461914062,dense,3.6455741564852673,1.849558943807854,0.3934597877651516,model.layers.14.self_attn.k_proj,128,0.08733770961290604,70.72271812567487,128,10,75,0,1,2.5307810648520315,0.45385621344047977,2.4743423461914062,28.582430492908042,success,1.5730042457580566,0.06581417471170425,under-trained,0,2.4743423461914062,1.4856151342391968
100,190,Linear,0.1084404937110458,128,896,7.0,1.79545209425185,10.342593776578385,-2.601708142460661,0.5872458918383908,0.11966697847702785,0.9941707966187872,True,0.560334324836731,dense,-1.7884637992169796,1.5988623258611168,-0.2515527728017737,model.layers.14.self_attn.v_proj,128,1.0480276966960775,39.70656571537256,128,19,0,0,1,2.143338007508273,0.9984947710878485,0.560334324836731,70.86227624363754,success,0.7485548257827759,0.3350028693675995,under-trained,0,0.560334324836731,0.43378737568855286
101,191,Linear,0.0755206480760296,896,896,1.0,1.9535124900888874,3.4966003710566054,1.8367726867226004,1.0790865534285174,0.0,0.913594448600612,True,3.351987838745117,dense,2.773832663752114,2.370675625062821,0.5253024343092325,model.layers.14.self_attn.o_proj,896,0.3219243640909195,234.78785332128098,896,51,48,1,1,0.3495939777367504,1.0146455080407697,3.351987838745117,70.04436311116763,success,1.830843448638916,7.24015844753012e-05,,2,3.351987838745117,1.0943773984909058
102,193,Linear,0.02080525566463942,896,4864,5.428571428571429,0.7383244213855973,4.850241397897466,6.9088549995466915,3.0646059956462524,0.48883444946107785,1.01278703338652,True,26.572675704956055,dense,6.924569801319616,3.215813542226389,1.424435287394482,model.layers.14.mlp.gate_proj,896,0.11532922125244144,1643.6658885926008,896,70,113,0,1,0.46019186716106997,0.9043619838885473,26.572675704956055,61.85549046105439,success,5.154869079589844,0.4002453684806824,,0,26.572675704956055,3.7877542972564697
103,194,Linear,0.048396564889370164,896,4864,5.428571428571429,0.7872767038412721,7.380806617649849,5.619285151613656,3.1632987193278574,0.5045768983485533,1.0242691205633574,True,5.772149085998535,dense,6.30259449213814,3.160053208652529,0.7613375397447975,model.layers.14.mlp.up_proj,896,0.548027896057129,1445.616873189807,896,78,46,0,1,0.7224840792482781,0.9797273771296662,5.772149085998535,250.44690489655412,success,2.402529716491699,0.37565258145332336,under-trained,0,5.772149085998535,3.0058393478393555
104,195,Linear,0.021113917069271793,896,4864,5.428571428571429,0.8244161454095985,4.930385892344243,5.305262727034321,2.2208855138141974,0.3542528302182316,1.0146779254044012,True,11.913352012634277,dense,5.498176189654667,3.120015032788784,1.0760339743938045,model.layers.14.mlp.down_proj,896,0.18641986835098276,1318.3023698478937,896,100,153,0,1,0.3930385892344243,0.859641384242823,11.913352012634277,110.65755200130202,success,3.4515724182128906,0.41254645586013794,,0,11.913352012634277,2.6680285930633545
105,201,Linear,0.08183439730809061,896,896,1.0,1.5924986608478442,2.2191730531320597,1.7428941361659407,1.6116837799034098,0.0,0.9082544874184973,True,6.100704669952393,dense,2.8647445982936692,2.5481498580544275,0.7853800016659735,model.layers.15.self_attn.q_proj,896,0.2641799377441404,353.30506053088334,896,198,53,1,1,0.08664285609640394,1.010855312210595,6.100704669952393,57.912172387397405,success,2.4699604511260986,0.000226107076741755,,2,6.100704669952393,0.49931398034095764
106,202,Linear,0.11120118390720635,128,896,7.0,1.3223226414811113,6.5254748458694225,2.370083328222328,0.26753200691044665,0.05451676607331448,0.9286751167570051,True,2.3078348636627197,dense,2.805040818803021,1.8645351012261528,0.3632047298017819,model.layers.15.self_attn.k_proj,128,0.11592337524785108,73.20404869271442,128,15,73,0,1,1.426671470529351,0.49634915550243086,2.3078348636627197,31.719794966843384,success,1.5191559791564941,0.05022260174155235,under-trained,0,2.3078348636627197,1.3339723348617554
107,203,Linear,0.1190553511209913,128,896,7.0,1.787285003218996,9.534982046413546,-2.1907537586018098,0.6065417552476747,0.12359902415565456,0.9903986765292624,True,0.5891696810722351,dense,-1.3454148603420344,1.6028223470583953,-0.22975961023710917,model.layers.15.self_attn.v_proj,128,1.0294856893243796,40.070277221500874,128,26,0,0,1,1.6738476924164136,1.0101506381074414,0.5891696810722351,68.01143797585888,success,0.767573893070221,0.2910471558570862,under-trained,0,0.5891696810722351,0.4358848035335541
108,204,Linear,0.050997713819779134,896,896,1.0,1.9782625946921748,3.0121355768063927,1.9517187124030515,1.0483468107673073,0.0,0.8975481316301834,True,4.44581937789917,dense,2.783573862481946,2.3597401309371873,0.6479518144639277,model.layers.15.self_attn.o_proj,896,0.23580508375549294,228.94972748845927,896,78,51,1,1,0.22782949032031674,1.0127597499316656,4.44581937789917,51.497757337286906,success,2.108511209487915,0.0001550762535771355,,3,4.44581937789917,0.8502489924430847
109,206,Linear,0.025932695088316415,896,4864,5.428571428571429,0.7168341983209199,5.2292355206097945,7.823431612206194,3.3803080685223317,0.5391919992431197,1.013893465354598,True,31.339691162109375,dense,7.827413973266641,3.2414705772139727,1.4960947123861585,model.layers.15.mlp.gate_proj,896,0.10786028653049476,1743.6952207833529,896,55,99,0,1,0.5702700012639563,0.9221564281188579,31.339691162109375,55.63855788379729,success,5.598186492919922,0.4563325047492981,,0,31.339691162109375,4.233802318572998
110,207,Linear,0.04992760632452453,896,4864,5.428571428571429,0.7847843250274925,8.884464088912395,7.432863649203018,3.213356647786516,0.5125616245854706,1.0251065597131515,True,6.864574432373047,dense,7.575633883122837,3.1628073695983847,0.8366136184262435,model.layers.15.mlp.up_proj,896,0.468107189956665,1454.813657924533,896,62,37,0,1,1.0013279406203155,0.9843227569544871,6.864574432373047,211.93064074936566,success,2.6200332641601562,0.42391520738601685,under-trained,0,6.864574432373047,3.1248714923858643
111,208,Linear,0.022842716963463072,896,4864,5.428571428571429,0.8270304013073473,5.5459652029831865,5.1766644305371186,2.9095256052879144,0.4640976195551373,1.0171044393949256,True,8.5784912109375,dense,5.600643348924873,3.1172650609866572,0.9334109106477227,model.layers.15.mlp.down_proj,896,0.3391651904449462,1309.9811939634383,896,95,52,0,1,0.46640618875931433,0.9870526227385161,8.5784912109375,152.70531399428654,success,2.928906202316284,0.2089642733335495,,0,8.5784912109375,2.670881986618042
112,214,Linear,0.08575815944772225,896,896,1.0,1.551433660004803,2.4284709044036807,1.9084213191758785,1.71455058961695,0.0,0.8887659891774985,True,6.107353687286377,dense,3.101053209874363,2.570841590279149,0.785853071459589,model.layers.16.self_attn.q_proj,896,0.2807354342660905,372.2559004556014,896,117,53,1,1,0.13206218182912535,1.0157302018363112,6.107353687286377,60.952078349502365,success,2.471306085586548,0.0001884422090370208,,4,6.107353687286377,0.920775830745697
113,215,Linear,0.10665079653950427,128,896,7.0,1.5152283776919095,2.987725635834474,0.8465374863943458,0.1574733809555052,0.032089392112245194,0.9191347339162851,True,1.9201644659042358,dense,1.7202128792115887,1.7462537789593582,0.28333842848254276,model.layers.16.self_attn.k_proj,128,0.08201036096215254,55.75114342616871,128,44,80,0,1,0.2996609145560712,0.43635871147560656,1.9201644659042358,29.034566786400045,success,1.385699987411499,0.0854029580950737,,0,1.9201644659042358,0.5098237991333008
114,216,Linear,0.09214920309931285,128,896,7.0,1.619984190797822,8.266509006842288,-0.8968459219857802,0.7419775383146267,0.15119766922502278,0.995369150528818,True,0.7789480686187744,dense,-0.32248053641065627,1.6881884169610886,-0.1084914951696599,model.layers.16.self_attn.v_proj,128,0.9525378753814696,48.77400483191013,128,21,0,0,1,1.5856822648539604,1.0126704441057366,0.7789480686187744,62.61522018842139,success,0.8825803399085999,0.3826832175254822,under-trained,0,0.7789480686187744,0.5104064345359802
115,217,Linear,0.09249873261387476,896,896,1.0,1.8391523134436936,22.251943767437037,10.413443248919167,1.2316614076240904,0.0,0.9007578989820635,True,2.9375078678131104,dense,10.467169393555972,2.423072614101786,0.4679790384945135,model.layers.16.self_attn.o_proj,896,0.41928786680698377,264.89430052453366,896,10,61,1,1,6.720454701092076,1.020547842524172,2.9375078678131104,90.17654162803649,success,1.7139159440994263,5.072488420410082e-05,under-trained,3,2.9375078678131104,2.3334286212921143
116,219,Linear,0.03245160299045852,896,4864,5.428571428571429,0.7140520244127037,5.35010566565551,8.143617510473192,3.814557743658913,0.6084590440689843,1.0142861293567362,True,33.276790618896484,dense,8.145939344388157,3.244848300137038,1.5221414340936035,model.layers.16.mlp.gate_proj,896,0.11463117905044566,1757.309675231576,896,106,58,0,1,0.4225196132811433,0.9757974800390503,33.276790618896484,52.8088689608689,success,5.768603801727295,0.4050922095775604,,0,33.276790618896484,3.459285259246826
117,220,Linear,0.03899596133571115,896,4864,5.428571428571429,0.7769053588013723,8.043299529109364,7.6022880468839045,3.4316163246120084,0.5473761648924843,1.0241196987536818,True,8.813944816589355,dense,7.665488974282642,3.1715717755447694,0.9451703270990466,model.layers.16.mlp.up_proj,896,0.38933943835830676,1484.4711973071098,896,80,23,0,1,0.7874648266490397,1.0069901450818646,8.813944816589355,168.42301922665553,success,2.9688289165496826,0.39245307445526123,under-trained,0,8.813944816589355,3.0265841484069824
118,221,Linear,0.06272091776532784,896,4864,5.428571428571429,0.8142386722507617,7.252582577149585,7.723426645601089,2.999765738049774,0.4784917980174281,1.024963877920032,True,11.612370491027832,dense,7.731680608599256,3.130804558978803,1.0649208834843154,model.layers.16.mlp.down_proj,896,0.2583250112771987,1351.4642409533262,896,108,28,0,1,0.6016550390079461,0.9867409145563069,11.612370491027832,116.38142634163455,success,3.4076929092407227,0.3287477493286133,under-trained,0,11.612370491027832,2.5523953437805176
119,227,Linear,0.061957794295593005,896,896,1.0,1.6431451506660544,2.2691388667701924,2.0498122972317088,1.5018244187067513,0.0,0.8947662026870193,True,8.004674911499023,dense,2.928102283251319,2.5209561507787,0.9033436989025423,model.layers.17.self_attn.q_proj,896,0.1876184149026868,331.8609490015016,896,161,49,1,1,0.10002215478640882,1.0068285324115578,8.004674911499023,41.458391836097,success,2.8292534351348877,9.062415483640507e-05,,2,8.004674911499023,0.559751033782959
120,228,Linear,0.09544280731391536,128,896,7.0,1.500099171794016,5.76791374561499,2.978402348588128,0.20619953326723586,0.04201864236498414,0.8880706950010901,True,3.2837817668914795,dense,3.0618152587763197,1.7549700270842448,0.5163742871246011,model.layers.17.self_attn.k_proj,128,0.06279331207275389,56.88136727060191,128,10,60,0,1,1.5077467123368025,0.4943400413919049,3.2837817668914795,17.321908491028445,success,1.812120795249939,0.05274347588419914,,0,3.2837817668914795,1.3934475183486938
121,229,Linear,0.09174151959965937,128,896,7.0,1.5939556587466477,14.603031615037922,-2.8445887803290013,0.6723033863020306,0.13699970655695698,0.9964212777052239,True,0.638565719127655,dense,-2.025706188386275,1.7022574979235414,-0.19479439991074854,model.layers.17.self_attn.v_proj,128,1.0528335082260047,50.379922829568386,128,18,0,0,1,3.206265299896103,0.9484640287970818,0.638565719127655,78.89543913881319,success,0.7991030812263489,0.2553950548171997,under-trained,0,0.638565719127655,0.5371007919311523
122,230,Linear,0.08597960139874739,896,896,1.0,1.9170649800030923,6.805725483644526,5.60592957930403,1.1322135885215787,0.0,0.8975750735646899,True,6.663583755493164,dense,5.608926099973411,2.3870343420922313,0.8237078607969368,model.layers.17.self_attn.o_proj,896,0.16991061117649073,243.8003597318584,896,36,69,1,1,0.9676209139407543,1.0199315343483621,6.663583755493164,36.58697311801328,success,2.5813918113708496,7.11917982698651e-06,under-trained,2,6.663583755493164,1.5755411386489868
123,232,Linear,0.025228937258308437,896,4864,5.428571428571429,0.6782292237353656,4.921411298134556,7.964835666679633,3.9463396372684576,0.6294795372426837,1.0116672027543934,True,41.53409957885742,dense,7.968267820495152,3.2895550119611987,1.6184047997977078,model.layers.17.mlp.gate_proj,896,0.09501445022964476,1947.847767651081,896,81,83,0,1,0.43571236645939515,0.9427172834517272,41.53409957885742,46.89755616232539,success,6.444695472717285,0.35534605383872986,,0,41.53409957885742,4.174260139465332
124,233,Linear,0.04274869081787169,896,4864,5.428571428571429,0.8074892541025955,8.348800067496352,6.857119890712846,3.1914393566538366,0.509065603576655,1.0229067540042476,True,6.627198696136475,dense,7.082725642933213,3.1380345065784416,0.8213299917684059,model.layers.17.mlp.up_proj,896,0.48156687357425726,1374.1511529386044,896,68,27,0,1,0.8911729088186369,1.009340710822192,6.627198696136475,207.35022683712612,success,2.5743346214294434,0.321524977684021,under-trained,0,6.627198696136475,2.93806529045105
125,234,Linear,0.07433421642730242,896,4864,5.428571428571429,0.8375473065405954,8.322644396186064,7.979912007194645,3.0563889894310083,0.4875237570865433,1.0244004137648837,True,9.09534740447998,dense,7.984653205556504,3.106289317016145,0.9588192919610408,model.layers.17.mlp.down_proj,896,0.3360387298593522,1277.2894263491035,896,99,10,0,1,0.7359534525862954,1.0245222633809394,9.09534740447998,140.43327533811023,success,3.0158493518829346,0.30369189381599426,under-trained,0,9.09534740447998,2.4800713062286377
126,240,Linear,0.06119430968411621,896,896,1.0,1.6538494887911588,2.192385483959524,1.7699489133889574,1.484204536433424,0.0,0.9035661977139585,True,6.416769981384277,dense,2.8226220511550237,2.5153160429554915,0.8073164716418249,model.layers.18.self_attn.q_proj,896,0.23130087890624987,327.5789925698306,896,202,50,1,1,0.08389594988859618,1.0074253271357434,6.416769981384277,51.05044960629282,success,2.5331344604492188,4.119836012250744e-05,,2,6.416769981384277,0.4326452612876892
127,241,Linear,0.1096045517726637,128,896,7.0,1.478023915619698,3.5349514613046797,1.2185033697157537,0.25166075203503635,0.05128257552047222,0.914747818436602,True,2.2115745544433594,dense,1.8903827092966274,1.7678470469461742,0.3447015844641976,model.layers.18.self_attn.k_proj,128,0.11379256988167777,58.593177037197165,128,32,62,0,1,0.4481203420668217,0.5380853719448866,2.2115745544433594,26.49387375138467,success,1.4871363639831543,0.043580617755651474,,0,2.2115745544433594,0.7286601662635803
128,242,Linear,0.0962646869470345,128,896,7.0,1.380141099330878,9.306468596263626,-0.0912871712358465,1.0221375318343742,0.20828772363084944,0.9940165112395309,True,0.9776670932769775,dense,0.663568958689609,1.827362991731963,-0.009809002232328662,model.layers.18.self_attn.v_proj,128,1.0454862793922408,67.19902807474136,128,26,0,0,1,1.629032517745919,1.012605159796811,0.9776670932769775,68.73405941229073,success,0.9887704849243164,0.36451035737991333,under-trained,0,0.9776670932769775,0.6926899552345276
129,243,Linear,0.06605678326211273,896,896,1.0,1.7528022839217625,8.826677882346505,4.316524250887362,1.3494376617134158,0.0,0.9229626709384685,True,3.0834121704101562,dense,4.786733187130202,2.4648421487745678,0.4890315822581991,model.layers.18.self_attn.o_proj,896,0.4376442678222656,291.6366821511867,896,21,61,1,1,1.707921135042359,1.018074004183247,3.0834121704101562,94.58245152881818,success,1.755964756011963,0.00012617163883987814,under-trained,3,3.0834121704101562,1.9636518955230713
130,245,Linear,0.01715526237402154,896,4864,5.428571428571429,0.7065819168584547,5.448040855052675,7.999630950714731,3.962241846043189,0.6320160941386286,1.015245294400663,True,29.400182723999023,dense,8.002868617030167,3.2539829724740432,1.4683500295882759,model.layers.18.mlp.gate_proj,896,0.13476929321289075,1794.6632615029812,896,103,54,0,1,0.4382784884954337,0.984103439006935,29.400182723999023,61.04258869241716,success,5.42219352722168,0.3619384765625,,0,29.400182723999023,3.5840060710906982
131,246,Linear,0.03503764036623852,896,4864,5.428571428571429,0.7835166195885952,10.474227936569381,8.789802607111687,3.4253691814353004,0.5463796848229975,1.023112074477201,True,6.905320167541504,dense,8.835452881822496,3.164211583754075,0.8391838195943067,model.layers.18.mlp.up_proj,896,0.49604784402847346,1459.5251525640488,896,38,26,0,1,1.536922719987057,1.0146345499531384,6.905320167541504,211.36241581158754,success,2.6277976036071777,0.3481892943382263,under-trained,0,6.905320167541504,3.42529034614563
132,247,Linear,0.031583057060840414,896,4864,5.428571428571429,0.8093225649764935,9.55585231987071,8.508199422872181,3.361083384470918,0.5361254752404627,1.019269040385175,True,7.769003391265869,dense,8.530502869144078,3.136064711137844,0.8903653110230672,model.layers.18.mlp.down_proj,896,0.43262735452652035,1367.9326363429427,896,41,22,0,1,1.336199642957566,1.0381713351423776,7.769003391265869,176.07569046511304,success,2.7872931957244873,0.26071006059646606,under-trained,0,7.769003391265869,3.269131660461426
133,253,Linear,0.029864467423561414,896,896,1.0,1.6192699256398495,3.070492278763704,2.6478661729796533,1.5487898784738112,0.0,0.9262735603013638,True,7.283813953399658,dense,3.26359863974224,2.5336695098765385,0.8623588443107189,model.layers.19.self_attn.q_proj,896,0.21263446435928346,341.7193014333948,896,73,35,1,1,0.24233279156723447,1.007593843224945,7.283813953399658,46.914886022576155,success,2.6988542079925537,0.00014513458881992847,,2,7.283813953399658,1.1216784715652466
134,254,Linear,0.06790689083737927,128,896,7.0,1.3824527471883599,4.546994593639327,1.6836963766177284,1.0352381198434093,0.21095731707560875,0.9376345469509956,True,2.345782518386841,dense,2.163424570485083,1.8259093779201687,0.37028774544245285,model.layers.19.self_attn.k_proj,128,0.4413188826026919,66.97448424936738,128,22,13,0,1,0.7562217882733818,1.020780588798044,2.345782518386841,28.55102027762775,success,1.5315947532653809,0.03989800065755844,,0,2.345782518386841,0.945347785949707
135,255,Linear,0.11648434781241529,128,896,7.0,1.551801437759642,5.19853930440425,-0.5261014179472452,0.819153064634905,0.1669242365377553,0.9921114045255202,True,0.7921332120895386,dense,0.5916518295063848,1.72553766982695,-0.10120177748805849,model.layers.19.self_attn.v_proj,128,1.0341102381935126,53.15421023964882,128,57,0,0,1,0.556110116109279,1.01924985764146,0.7921332120895386,67.10261535359099,success,0.8900186419487,0.30234938859939575,,0,0.7921332120895386,0.43093791604042053
136,256,Linear,0.06990898255675498,896,896,1.0,1.8175095142177196,5.29819098300412,2.296992571577259,1.255740366427024,0.0,0.9230420236865584,True,2.713581085205078,dense,3.283632367176606,2.4333546237373165,0.43354280337301926,model.layers.19.self_attn.o_proj,896,0.4627613205566406,271.24055462399235,896,45,56,0,1,0.640736481218257,1.0183489615134373,2.713581085205078,99.95667942367508,success,1.6472951173782349,0.00036036004894413054,,3,2.713581085205078,1.434879183769226
137,258,Linear,0.03614271147393011,896,4864,5.428571428571429,0.6993597317514868,6.145750091873457,9.687242837265373,4.07666173484381,0.6502671787572419,1.0170437770971523,True,37.69213104248047,dense,9.68738081271491,3.262906764529491,1.5762506923401982,model.layers.19.mlp.gate_proj,896,0.10815683863162995,1831.9210985600948,896,91,40,0,1,0.5394211794871363,0.9880085473867597,37.69213104248047,48.602216109655615,success,6.139391899108887,0.3772585093975067,under-trained,0,37.69213104248047,3.660606622695923
138,259,Linear,0.04887160523214751,896,4864,5.428571428571429,0.7741558870871884,11.15127706603939,9.905194446492338,3.426018221923298,0.5464832130906049,1.0255456230376072,True,7.73137092590332,dense,9.91232225643717,3.1746511681799374,0.8882565097999467,model.layers.19.mlp.up_proj,896,0.4431320466651919,1495.0343397706747,896,42,20,0,1,1.5663760576832335,1.0026076077751649,7.73137092590332,193.372476123437,success,2.780534267425537,0.36198684573173523,under-trained,0,7.73137092590332,3.337289571762085
139,260,Linear,0.03851435069684528,896,4864,5.428571428571429,0.8019574825330208,9.630114883139766,7.399050729764411,3.5329218839664205,0.563535386470956,1.018753987818551,True,5.865759372711182,dense,7.752650740164279,3.1440053219485815,0.768324243225648,model.layers.19.mlp.down_proj,896,0.6022957403268808,1393.1738751269877,896,54,16,0,1,1.1744098825161835,1.05469309329537,5.865759372711182,237.50955104096883,success,2.4219329357147217,0.24626675248146057,under-trained,0,5.865759372711182,3.198690176010132
140,266,Linear,0.05846875395421669,896,896,1.0,1.5692115418847337,2.948493222164716,2.6716106375603403,1.6590787479727462,0.0,0.8937696103410301,True,8.055519104003906,dense,3.4581413100826945,2.560945022067016,0.9060935319359171,model.layers.20.self_attn.q_proj,896,0.20595553514957463,363.8689705404231,896,55,48,0,1,0.26273477247880217,1.0106132740802374,8.055519104003906,45.170145566356624,success,2.8382246494293213,0.0004763760371133685,,3,8.055519104003906,1.619412899017334
141,267,Linear,0.11315887501557909,128,896,7.0,1.6323591637210844,2.609484674454192,1.1453904610580794,0.3018940757201318,0.061518952049962154,0.9067823291837126,True,2.747473955154419,dense,1.6792632624748551,1.6815785264241179,0.4389335841942252,model.layers.20.self_attn.k_proj,128,0.1098805960121155,48.037293042987585,128,41,46,0,1,0.2513592763115697,0.6508860988468989,2.747473955154419,17.48416684819409,success,1.657550573348999,0.058254826813936234,,0,2.747473955154419,0.4037014842033386
142,268,Linear,0.05899471543012935,128,896,7.0,1.4599221853678626,4.299521756502035,1.000578216913829,0.8470416672235402,0.17260728149747545,0.9700121180845285,True,1.7089072465896606,dense,1.5689186833914084,1.778550553100863,0.23271849139981335,model.layers.20.self_attn.v_proj,128,0.49566275110244773,60.055191077291965,128,31,9,0,1,0.5926116016204628,0.9750885906396575,1.7089072465896606,35.14245211209658,success,1.3072518110275269,0.273467093706131,,0,1.7089072465896606,0.6236324310302734
143,269,Linear,0.100002805146085,896,896,1.0,1.7670585951605424,2.910325035977296,1.5921663179146197,1.3203786804069042,0.0,0.9122139903140973,True,3.524317979812622,dense,2.8131154937374188,2.457806108007999,0.5470750855084354,model.layers.20.self_attn.o_proj,896,0.3746479994058609,286.94992000252927,896,102,54,1,1,0.18915036406597469,1.0152434747402024,3.524317979812622,81.41998583731244,success,1.8773167133331299,0.00013451623090077192,,3,3.524317979812622,0.8910234570503235
144,271,Linear,0.03097013259998027,896,4864,5.428571428571429,0.703299167123857,5.822958775584487,8.536402632235612,3.9240189168891755,0.6259191653470202,1.0185644754446188,True,29.240888595581055,dense,8.537939938450863,3.2580278034539027,1.4659905661754853,model.layers.20.mlp.gate_proj,896,0.13419629516601564,1811.4560579955578,896,101,50,0,1,0.4799023348556198,0.9747952179405652,29.240888595581055,61.94941894718305,success,5.407484531402588,0.42559877038002014,,0,29.240888595581055,3.536555290222168
145,272,Linear,0.05974403668200501,896,4864,5.428571428571429,0.7640592972055344,8.49201189124798,7.6305071851302255,3.4539604244772284,0.5509402660434431,1.024490071747108,True,7.916827201843262,dense,7.847442634985084,3.186053880338414,0.8985511658308396,model.layers.20.mlp.up_proj,896,0.4362808908691412,1534.80738542974,896,73,28,0,1,0.8768736665587155,0.9935585933142671,7.916827201843262,193.86647533148044,success,2.813685655593872,0.4121675491333008,under-trained,0,7.916827201843262,3.1900105476379395
146,273,Linear,0.04837220493427319,896,4864,5.428571428571429,0.7887935002284022,10.531589030404055,7.989734659050854,3.5969325964639487,0.5737457174067415,1.0197539383917766,True,5.7364702224731445,dense,8.402797067047873,3.1583813630639916,0.7586447435410723,model.layers.20.mlp.down_proj,896,0.6270288970336911,1440.0625722557306,896,40,19,0,1,1.5070765528376362,1.0467361273751838,5.7364702224731445,251.03635448400905,success,2.3950929641723633,0.23167051374912262,under-trained,0,5.7364702224731445,3.4421043395996094
147,279,Linear,0.08193934528718172,896,896,1.0,1.6940316478620874,1.820660788791309,1.6938987117994169,1.4247389352638848,0.0,0.8556803721244515,True,8.51874828338623,dense,2.781041106003451,2.4944649705612014,0.9303757856640356,model.layers.21.self_attn.q_proj,896,0.1672474509010315,312.2230562371065,896,242,58,2,1,0.05275407352802143,1.0110186577634401,8.51874828338623,36.651283246157476,success,2.918689489364624,1.5085168342920952e-05,over-trained,5,8.51874828338623,0.2224445343017578
148,280,Linear,0.1126797517401994,128,896,7.0,1.8759610365922335,1.6295223128488145,0.7080443213846614,0.11186643386653163,0.022795762933139608,0.8310973885674773,True,2.7196333408355713,dense,1.5327946160303099,1.5607623418269343,0.43451035668656907,model.layers.21.self_attn.k_proj,128,0.041132910156250015,36.37159460480325,128,84,50,0,1,0.06868651548317534,0.4553398814050913,2.7196333408355713,13.373712573191414,success,1.6491310596466064,0.060944732278585434,over-trained,0,2.7196333408355713,0.046902574598789215
149,281,Linear,0.1309496809937088,128,896,7.0,1.0720096276212758,4.677933660262412,1.5812723997886995,0.9366137037697093,0.19085996766946114,0.9606413112387671,True,2.1778500080108643,dense,2.6467326788000114,2.0468125981806007,0.33802796589894285,model.layers.21.self_attn.v_proj,128,0.43006345722824313,111.38138096034527,128,44,50,0,1,0.5544693615867677,0.7529062788781935,2.1778500080108643,51.14281541458187,success,1.4757540225982666,0.354987233877182,,0,2.1778500080108643,1.1392661333084106
150,282,Linear,0.06585067532166033,896,896,1.0,1.5128228212036983,9.849248774801268,5.544903623645877,1.808856982323514,0.0,0.9595442928994942,True,3.655756950378418,dense,5.582860747926129,2.5927318750689614,0.5629773143543892,model.layers.21.self_attn.o_proj,896,0.49479683876037606,391.5000979664014,896,16,17,1,1,2.212312193700317,1.0173261006279724,3.655756950378418,107.0913912714783,success,1.9120033979415894,7.647011807421222e-05,under-trained,3,3.655756950378418,1.9213076829910278
151,284,Linear,0.028602896663672217,896,4864,5.428571428571429,0.7182049656654403,5.345288613178879,7.807846167869244,3.5310134286746426,0.5632309692985029,1.016051609725886,True,28.886627197265625,dense,7.8134997533800785,3.2398112026416253,1.4606968365784585,model.layers.21.mlp.gate_proj,896,0.12223695776462556,1737.0455327108502,896,103,76,0,1,0.4281540092639068,0.9442909529692252,28.886627197265625,60.13320699743295,success,5.374628067016602,0.26688259840011597,,0,28.886627197265625,3.4314756393432617
152,285,Linear,0.0501452874409154,896,4864,5.428571428571429,0.7463543752170902,8.17996353920684,8.312972673822845,3.5822649206624098,0.5714060805217698,1.0228694371782725,True,10.381505966186523,dense,8.345683591799245,3.2064178435686204,1.0162603578828302,model.layers.21.mlp.up_proj,896,0.345062164615631,1608.488067921251,896,66,42,0,1,0.8837924172182167,0.9883975811051415,10.381505966186523,154.93783591323242,success,3.222034454345703,0.2408723086118698,under-trained,0,10.381505966186523,3.4868860244750977
153,286,Linear,0.07271371212779165,896,4864,5.428571428571429,0.7754483339826784,9.179276258141488,7.730027690955861,3.501142735501491,0.5584663033437072,1.0217647392947313,True,6.952121257781982,dense,7.929145816923486,3.173202275159676,0.8421173384012463,model.layers.21.mlp.down_proj,896,0.5036078350305561,1490.0549177899957,896,65,27,0,1,1.0145143598103936,1.0152325096729105,6.952121257781982,214.3309736034992,success,2.6366875171661377,0.2614668309688568,under-trained,0,6.952121257781982,3.2580618858337402
154,292,Linear,0.05924049043314167,896,896,1.0,1.6842723547082175,4.641568274811746,3.701532853974732,1.4554770557293415,0.0,0.8808450129942629,True,6.2729902267456055,dense,4.221830212326652,2.499483369084275,0.7974746109115156,model.layers.22.self_attn.q_proj,896,0.23202284765625011,315.8518093504155,896,27,64,1,1,0.7008201412449876,1.0159796435978106,6.2729902267456055,50.35107627041176,success,2.504593849182129,7.400551112368703e-05,,3,6.2729902267456055,2.5306105613708496
155,293,Linear,0.07513195325329292,128,896,7.0,1.8174008552741503,2.319210273468859,0.819146589183651,0.15338147036853267,0.03125555643464129,0.8916357472006828,True,2.2552809715270996,dense,1.4896443982719054,1.5883085134542705,0.3532006556518257,model.layers.22.self_attn.k_proj,128,0.0680099164161682,38.75328421546146,128,54,63,0,1,0.1795217796353423,0.5165342882064046,2.2552809715270996,17.18335085726404,success,1.5017592906951904,0.08166242390871048,,0,2.2552809715270996,0.2295558750629425
156,294,Linear,0.10193264394869916,128,896,7.0,1.1247154306299982,6.3725096554144445,1.9779515423312835,0.9341846761419469,0.19036498864808118,0.9658562193738898,True,2.0435636043548584,dense,2.7252505512024072,2.005124662602768,0.31038815934169733,model.layers.22.self_attn.v_proj,128,0.4571351115038398,101.18698660284281,128,32,42,0,1,0.9497345023334388,0.7888982677135212,2.0435636043548584,49.51496806226737,success,1.4295326471328735,0.30728575587272644,under-trained,0,2.0435636043548584,1.18796706199646
157,295,Linear,0.03501171705077913,896,896,1.0,1.5665417714385734,4.716280298096814,3.6429046829099048,1.6851048675219316,0.0,0.942086212906282,True,5.921211242675781,dense,3.8876602337960016,2.562424050213709,0.7724105550681425,model.layers.22.self_attn.o_proj,896,0.28458786529636404,365.110270878416,896,44,29,2,1,0.5602503347535114,1.0167763840282023,5.921211242675781,61.66141620602333,success,2.433353900909424,0.0002251630212413147,,2,5.921211242675781,1.573541283607483
158,297,Linear,0.028103983577815628,896,4864,5.428571428571429,0.7298329589746685,4.363119009929784,6.459450933510888,3.284549176490961,0.5239175250256642,1.012560769468501,True,30.231964111328125,dense,6.505408368963659,3.225861065576865,1.4804663633538704,model.layers.22.mlp.gate_proj,896,0.10864491517639166,1682.1358457133174,896,142,87,0,1,0.28222667788662925,0.925484387979494,30.231964111328125,55.640971242189636,success,5.4983601570129395,0.2636226713657379,,0,30.231964111328125,2.944220542907715
159,298,Linear,0.05508642050869028,896,4864,5.428571428571429,0.72654579438927,5.982504647805856,8.886529508129536,3.5217966161453007,0.5617607980970605,1.0176797116776117,True,30.578739166259766,dense,8.893078309995051,3.2297820232577257,1.4854195744567888,model.layers.22.mlp.up_proj,896,0.11517141360855096,1697.391500864178,896,111,63,0,1,0.4729184125338917,0.9540098743516001,30.578739166259766,55.50887797025524,success,5.529804706573486,0.20834901928901672,,0,30.578739166259766,3.242002487182617
160,299,Linear,0.030641396257437878,896,4864,5.428571428571429,0.7697475693874294,7.732983009339051,7.197538492191408,3.2755725310199364,0.5224856628048536,1.0242067093618499,True,8.52625560760498,dense,7.300874595308962,3.1796113572288833,0.9307583481690065,model.layers.22.mlp.down_proj,896,0.38417479861831666,1512.207393988967,896,34,47,0,1,1.1546970598901987,0.9747644392939105,8.52625560760498,177.35890918402163,success,2.9199752807617188,0.42604923248291016,under-trained,0,8.52625560760498,3.6236705780029297
161,305,Linear,0.05299958525305426,896,896,1.0,1.7058352629192262,2.905802406381949,3.526380342599807,1.3940504710320318,0.0,0.8891758733504952,True,16.351781845092773,dense,3.6505872022486794,2.488433833911955,1.2135650844169226,model.layers.23.self_attn.q_proj,896,0.08525373468399049,307.9171184649285,896,54,46,1,1,0.259346858122449,1.0070391182300122,16.351781845092773,18.830799076330354,success,4.043733596801758,0.00022046139929443598,,2,16.351781845092773,1.309772253036499
162,306,Linear,0.08305336107519617,128,896,7.0,1.6783111067149223,4.076212990294924,1.238530274920128,0.1290364457345817,0.026294609786255956,0.9162712258331661,True,2.012998104095459,dense,1.6216295600360209,1.6574650323406654,0.303843365856728,model.layers.23.self_attn.k_proj,128,0.06410162308253352,45.442794701084495,128,23,79,0,1,0.641434749186108,0.43751267976860353,2.012998104095459,22.57468330875762,success,1.4188016653060913,0.10027371346950531,,0,2.012998104095459,0.6669381856918335
163,307,Linear,0.07167551973130959,128,896,7.0,1.2523118149477714,5.6888121016936575,3.5084902928308903,1.197549237535123,0.24403252679157877,0.9800635026688874,True,4.137472629547119,dense,3.5124564797674336,1.911785013735082,0.6167351338228155,model.layers.23.self_attn.v_proj,128,0.2894397968902588,81.61782433837652,128,37,1,0,1,0.7708359611835413,0.9945374618600357,4.137472629547119,19.726492872850805,success,2.0340778827667236,0.22582696378231049,,0,4.137472629547119,0.7589349746704102
164,308,Linear,0.046378593048343686,896,896,1.0,1.732087656108091,3.8454414699690984,3.3887649221648517,1.3776563530121695,0.0,0.9254077686992153,True,7.607502460479736,dense,3.588304940494092,2.475168276330923,0.8812421014932477,model.layers.23.self_attn.o_proj,896,0.18109180511856096,298.65395909580604,896,62,35,2,1,0.36137142805768424,1.0165068758650393,7.607502460479736,39.25781958629464,success,2.7581701278686523,7.5005732469435316e-06,,2,7.607502460479736,1.1651811599731445
165,310,Linear,0.03411203885093195,896,4864,5.428571428571429,0.7078044425157805,4.4166612941423224,7.843821344614685,3.715126540450929,0.592598800517781,1.0095989631372684,True,59.698265075683594,dense,7.847161374979132,3.2524814413664673,1.7759617100404996,model.layers.23.mlp.gate_proj,896,0.06223173379898072,1788.4691011235118,896,177,50,0,1,0.2568119890773082,0.9545701075245758,59.698265075683594,29.958476998555092,success,7.726465225219727,0.24306508898735046,,0,59.698265075683594,2.7573232650756836
166,311,Linear,0.06319922289234114,896,4864,5.428571428571429,0.7314898882012458,5.2414608074712525,7.753866364210324,3.628057747026933,0.5787104815106636,1.0186233955515707,True,30.15317726135254,dense,7.762950058505656,3.2238913556533526,1.479333080800271,model.layers.23.mlp.up_proj,896,0.12032091064834587,1674.52391994372,896,167,39,0,1,0.3282140912704255,0.9748844949891133,30.15317726135254,55.53391290840733,success,5.4911909103393555,0.19792112708091736,,0,30.15317726135254,2.7708730697631836
167,312,Linear,0.05931446839787341,896,4864,5.428571428571429,0.8458232104950354,5.51690907105632,5.064137550853796,2.5803152384863197,0.41158536556850334,1.0227182933578118,True,8.278091430664062,dense,5.29331886269598,3.097748812496243,0.9179302188288864,model.layers.23.mlp.down_proj,896,0.3117041240844725,1252.4165919572115,896,112,70,0,1,0.4268077891681,0.9506567208914736,8.278091430664062,151.2929160600904,success,2.877167224884033,0.33277004957199097,,0,8.278091430664062,2.3911585807800293
